dataset,pred_len,variant,C,K,shared_adaptive_jaccard,batch_size,new_trainable_params,checkpoint_fidelity_abs_diff,base_val_full_mse,base_test_full_mse,base_test_full_mae,base_test_endpoint_mse,base_test_endpoint_mae,best_val_full_mse,best_epoch,test_full_mse,test_full_mae,test_endpoint_mse,test_endpoint_mae,full_mse_gain_vs_base_%,endpoint_mse_gain_vs_base_%,val_improves_base,elapsed_sec
Electricity,96,DenseFineTune,321,10,0.4412400395444867,16,1627232,0.0,0.1307155517247028,0.1512831829626783,0.2436632994254559,0.1624429076163651,0.2547092448348918,0.1279593091076792,7,0.1498274873371307,0.2424705371890451,0.162507683917351,0.2555269921715762,0.9622322832186092,-0.0398763491348254,1,69.04103255271912
Electricity,96,SharedSparse,321,10,0.4412400395444867,16,1627232,0.0,0.1307155517247028,0.1512831829626783,0.2436632994254559,0.1624429076163651,0.2547092448348918,0.1267319307904246,8,0.1480619154143759,0.2414783907113372,0.161105859765057,0.2531719817802934,2.1292965187657806,0.8230878595609353,1,72.88511872291565
Electricity,96,HorizonAdaptiveSparse,321,10,0.4412400395444867,16,1627232,0.0,0.1307155517247028,0.1512831829626783,0.2436632994254559,0.1624429076163651,0.2547092448348918,0.1280693629194813,8,0.1490507092671429,0.2422705848738232,0.1610690077162715,0.2531122217369932,1.475691912224019,0.845774013931252,1,72.92349243164062
Electricity,192,DenseFineTune,321,10,0.5504205735463512,16,1676480,5.551115123125783e-17,0.1425162708881271,0.1643338638690664,0.2557517413275411,0.2115794646434295,0.2945577670858564,0.1412988991212417,1,0.1637014622889394,0.2553485875447684,0.2104161914649948,0.2934603641122345,0.3848273053635069,0.5498043869215231,1,36.39896368980408
Electricity,192,SharedSparse,321,10,0.5504205735463512,16,1676480,5.551115123125783e-17,0.1425162708881271,0.1643338638690664,0.2557517413275411,0.2115794646434295,0.2945577670858564,0.1394661497919998,7,0.1619908982837273,0.2540037808896663,0.2066469354201805,0.2917129637455274,1.425735104242365,2.331289206899936,1,73.36801052093506
Electricity,192,HorizonAdaptiveSparse,321,10,0.5504205735463512,16,1676480,5.551115123125783e-17,0.1425162708881271,0.1643338638690664,0.2557517413275411,0.2115794646434295,0.2945577670858564,0.1403903403292799,7,0.1627772763314425,0.2545300197685896,0.2081112514266776,0.2925660845949853,0.9472104537529188,1.6392012441267871,1,73.34424257278442
Electricity,336,DenseFineTune,321,10,0.4867021592955449,8,1750352,0.0,0.1596795728835678,0.1782219334044391,0.2722719952165661,0.213276941769765,0.3010748951158105,0.1577074876373367,7,0.1770569230904237,0.2710474508404365,0.2105438078487444,0.2986120006923202,0.6536851507337231,1.281495270112717,1,116.31283235549928
Electricity,336,SharedSparse,321,10,0.4867021592955449,8,1750352,0.0,0.1596795728835678,0.1782219334044391,0.2722719952165661,0.213276941769765,0.3010748951158105,0.1578184217068166,3,0.1761969993783261,0.2700712808044916,0.2102055363578476,0.2976356203429168,1.136186768616069,1.440101956841144,1,90.651615858078
Electricity,336,HorizonAdaptiveSparse,321,10,0.4867021592955449,8,1750352,0.0,0.1596795728835678,0.1782219334044391,0.2722719952165661,0.213276941769765,0.3010748951158105,0.1567997777663316,7,0.1749082804239203,0.2692996734742822,0.209725357779345,0.2977518528619622,1.8592846106090928,1.6652451788501086,1,119.89142441749571
Electricity,720,DenseFineTune,321,10,0.4284949404882276,8,1947344,2.775557561562892e-17,0.199930433405863,0.2113820003156427,0.3030516499479722,0.2889917343884952,0.3553258523345137,0.1969294196928278,5,0.2079107321030169,0.2995672035307668,0.2856657745514085,0.3529192501166236,1.6421777670011464,1.1508840708279888,1,115.45405864715576
Electricity,720,SharedSparse,321,10,0.4284949404882276,8,1947344,2.775557561562892e-17,0.199930433405863,0.2113820003156427,0.3030516499479722,0.2889917343884952,0.3553258523345137,0.1975188360157866,5,0.2043043619376388,0.2959411284991572,0.2849636691039529,0.3531656278040014,3.3482691844316617,1.3938340807793916,1,119.95004296302795
Electricity,720,HorizonAdaptiveSparse,321,10,0.4284949404882276,8,1947344,2.775557561562892e-17,0.199930433405863,0.2113820003156427,0.3030516499479722,0.2889917343884952,0.3553258523345137,0.1979971881215752,5,0.2058058161147565,0.296707735269013,0.2882967629211571,0.3545223673293458,2.6379654807692265,0.2404814341173848,1,120.34205722808838
Weather,96,DenseFineTune,21,10,0.7585589014160443,32,1627232,0.0,0.4300292096276182,0.1826556628032299,0.2245786878333974,0.2321503206764486,0.2673029743097102,0.4214011286114585,3,0.177613377557519,0.2179544603359851,0.2275605225612506,0.2634633296596205,2.760541429883192,1.9770802391416675,1,45.052510499954224
Weather,96,SharedSparse,21,10,0.7585589014160443,32,1627232,0.0,0.4300292096276182,0.1826556628032299,0.2245786878333974,0.2321503206764486,0.2673029743097102,0.4174341340847662,2,0.1730616342989961,0.2167616726662703,0.2239823939609012,0.2627450584688665,5.252521798116456,3.518378390237582,1,39.52420330047608
Weather,96,HorizonAdaptiveSparse,21,10,0.7585589014160443,32,1627232,0.0,0.4300292096276182,0.1826556628032299,0.2245786878333974,0.2321503206764486,0.2673029743097102,0.4161504710994983,3,0.174887295500157,0.2166059933772363,0.2244624442639416,0.2617021556625465,4.25301202484018,3.311594138705377,1,47.01743221282959
Weather,192,DenseFineTune,21,10,0.7655677655677655,32,1676480,8.326672684688674e-17,0.5031239883469689,0.2276976374316248,0.26209182261475,0.3174964342451292,0.3314209033171333,0.500356696957507,1,0.2246902723469634,0.2581960844449861,0.3135837529234578,0.3298054816641919,1.3207713169902695,1.2323544139870637,1,30.46236205101013
Weather,192,SharedSparse,21,10,0.7655677655677655,32,1676480,8.326672684688674e-17,0.5031239883469689,0.2276976374316248,0.26209182261475,0.3174964342451292,0.3314209033171333,0.4953034660283884,1,0.2231640266724914,0.2572999001083209,0.3108700002931796,0.3286877415765356,1.9910662272439423,2.087089251161023,1,31.87282705307007
Weather,192,HorizonAdaptiveSparse,21,10,0.7655677655677655,32,1676480,8.326672684688674e-17,0.5031239883469689,0.2276976374316248,0.26209182261475,0.3174964342451292,0.3314209033171333,0.4936512291773873,2,0.2226457414755107,0.2572601303006667,0.3120182960130801,0.3297841938950264,2.218686154629609,1.725417246046808,1,39.32284736633301
Weather,336,DenseFineTune,21,10,0.7814407814407813,32,1750352,5.551115123125783e-17,0.5963546700629323,0.281852746452689,0.3008946211442532,0.3820647581028417,0.3683641229857672,0.5963544309875745,0,0.2818520212032913,0.3008939005059857,0.3820650083575201,0.3683641600816311,0.0002573150011244,-6.550059201143885e-05,1,23.144097328186035
Weather,336,SharedSparse,21,10,0.7814407814407813,32,1750352,5.551115123125783e-17,0.5963546700629323,0.281852746452689,0.3008946211442532,0.3820647581028417,0.3683641229857672,0.5889890744316304,2,0.2783756507134627,0.2997000267263273,0.3831365176142325,0.3693301941204198,1.2336568591180954,-0.2805177626726803,1,38.82983231544495
Weather,336,HorizonAdaptiveSparse,21,10,0.7814407814407813,32,1750352,5.551115123125783e-17,0.5963546700629323,0.281852746452689,0.3008946211442532,0.3820647581028417,0.3683641229857672,0.5895821551207129,1,0.2765884671453787,0.2977804838005117,0.3801874331961165,0.3663859344608448,1.8677410007760624,0.4913630129214448,1,31.472686052322388
Weather,720,DenseFineTune,21,10,0.6342546342546344,32,1947344,5.551115123125783e-17,0.7119771376833319,0.3595000652217012,0.3524388762048337,0.4580672784617625,0.4165127482625496,0.7119756669628321,0,0.3594998080292914,0.3524387798727681,0.4580681660903835,0.4165132517690734,7.154168655162897e-05,-0.0001937769106821,1,21.97576475143433
Weather,720,SharedSparse,21,10,0.6342546342546344,32,1947344,5.551115123125783e-17,0.7119771376833319,0.3595000652217012,0.3524388762048337,0.4580672784617625,0.4165127482625496,0.7159490827046631,2,0.3577858020494345,0.3507177383902005,0.4619904888973813,0.4184511071781664,0.4768464148148402,-0.8564703527380033,0,37.41947746276856
Weather,720,HorizonAdaptiveSparse,21,10,0.6342546342546344,32,1947344,5.551115123125783e-17,0.7119771376833319,0.3595000652217012,0.3524388762048337,0.4580672784617625,0.4165127482625496,0.7139969422731699,0,0.3600125585709481,0.3524454966010469,0.4581804647196025,0.4162212112896342,-0.142557234010738,-0.0247095269978911,0,23.131807804107662
Solar,96,DenseFineTune,137,10,0.6071210526985539,16,1627232,2.775557561562892e-17,0.1532274207439788,0.2033788478392465,0.2371999425572584,0.2242019511346978,0.2538644814092011,0.1532277053287454,0,0.2033795570276931,0.2371980531510508,0.2242085856433316,0.2538714213942758,-0.0003487031489112,-0.0029591663231304,0,47.12282919883728
Solar,96,SharedSparse,137,10,0.6071210526985539,16,1627232,2.775557561562892e-17,0.1532274207439788,0.2033788478392465,0.2371999425572584,0.2242019511346978,0.2538644814092011,0.1557940280392436,6,0.2111838800659833,0.2307575312061529,0.2221932980460907,0.2502134092045737,-3.8376814057408586,0.8959124032780243,0,125.3652970790863
Solar,96,HorizonAdaptiveSparse,137,10,0.6071210526985539,16,1627232,2.775557561562892e-17,0.1532274207439788,0.2033788478392465,0.2371999425572584,0.2242019511346978,0.2538644814092011,0.1553130949008562,3,0.2064809894738029,0.2345321311292086,0.2334697890427931,0.26628447332695,-1.525302000436314,-4.133700826951019,0,95.06734824180604
Solar,192,DenseFineTune,137,10,0.657922024066292,16,1676480,2.775557561562892e-17,0.1751746177817647,0.2409536051351255,0.2656884152854869,0.2886798604374744,0.3080526459257935,0.1719963990207769,3,0.2385915046845371,0.2603130481561295,0.2825865581706346,0.294392500046411,0.9803133882407464,2.1107472677885326,1,90.32412123680116
Solar,192,SharedSparse,137,10,0.657922024066292,16,1676480,2.775557561562892e-17,0.1751746177817647,0.2409536051351255,0.2656884152854869,0.2886798604374744,0.3080526459257935,0.1721026171218181,3,0.2358695504408703,0.2605250682127225,0.2806656929131049,0.2935384916536547,2.109972453578409,2.7761436188255706,1,94.22669339179993
Solar,192,HorizonAdaptiveSparse,137,10,0.657922024066292,16,1676480,2.775557561562892e-17,0.1751746177817647,0.2409536051351255,0.2656884152854869,0.2886798604374744,0.3080526459257935,0.1709779132797544,3,0.2355662396974284,0.2605597438677107,0.2791227953561229,0.2930271482416426,2.2358517668477824,3.310610261092819,1,94.29252791404724
Solar,336,DenseFineTune,137,10,0.6527413357597986,16,1750352,5.551115123125783e-17,0.176406456474878,0.2542946640191224,0.2766724112413872,0.2878347160962058,0.3028085737386077,0.1764096811769218,0,0.2542958651259025,0.2766720594961918,0.2878378689035626,0.3028078204266722,-0.0004723287390728,-0.0010953534026414,0,45.272451639175415
Solar,336,SharedSparse,137,10,0.6527413357597986,16,1750352,5.551115123125783e-17,0.176406456474878,0.2542946640191224,0.2766724112413872,0.2878347160962058,0.3028085737386077,0.1769264788736909,1,0.2528004657696642,0.2749806104621889,0.2881494106244503,0.3033169920347741,0.5875853727492363,-0.1093316791360458,0,61.69364380836487
Solar,336,HorizonAdaptiveSparse,137,10,0.6527413357597986,16,1750352,5.551115123125783e-17,0.176406456474878,0.2542946640191224,0.2766724112413872,0.2878347160962058,0.3028085737386077,0.1759518230814536,1,0.2518423500471348,0.2749457203368636,0.2878096191211328,0.3025031577064982,0.9643591938693516,0.0087192314441445,1,61.70911121368408
Solar,720,DenseFineTune,137,10,0.1221272387517218,16,1947344,5.551115123125783e-17,0.1766558382752122,0.2561432043917523,0.279605439670607,0.2661393686056483,0.2871915093978882,0.1766520512009672,0,0.2561395350426353,0.2796023053585758,0.2661346314801444,0.2871877650554114,0.0014325381482463,0.0017799416631521,1,48.12147498130798
Solar,720,SharedSparse,137,10,0.1221272387517218,16,1947344,5.551115123125783e-17,0.1766558382752122,0.2561432043917523,0.279605439670607,0.2661393686056483,0.2871915093978882,0.1774025635398919,1,0.2541897044856737,0.279613660065962,0.2521313796501499,0.2789801845127126,0.7626592751962866,5.26340354262082,0,65.25103211402893
Solar,720,HorizonAdaptiveSparse,137,10,0.1221272387517218,16,1947344,5.551115123125783e-17,0.1766558382752122,0.2561432043917523,0.279605439670607,0.2661393686056483,0.2871915093978882,0.1762784186319217,1,0.2538467821726386,0.2795650891922601,0.2526481185271333,0.278108603357713,0.8965384127862853,5.069242536043447,1,65.16463422775269
ETTh1,96,DenseFineTune,7,3,0.3571428571428571,32,1627232,0.0,0.6842308628525481,0.3944228254893687,0.4095026899955614,0.4755124661304242,0.448617911210394,0.6842311425383115,0,0.3944220727902758,0.4095024403134014,0.4755043268050863,0.4486114795466636,0.0001908355815609,0.0017116954691147,0,6.592246055603027
ETTh1,96,SharedSparse,7,3,0.3571428571428571,32,1627232,0.0,0.6842308628525481,0.3944228254893687,0.4095026899955614,0.4755124661304242,0.448617911210394,0.6868945155111533,0,0.3940996086881784,0.4097158079953685,0.4693826055734639,0.4461947250072697,0.0819467790154573,1.2891061735653828,0,6.869707822799683
ETTh1,96,HorizonAdaptiveSparse,7,3,0.3571428571428571,32,1627232,0.0,0.6842308628525481,0.3944228254893687,0.4095026899955614,0.4755124661304242,0.448617911210394,0.6849339232828369,0,0.394990916503661,0.4100024254961871,0.4768013595525776,0.4493474854784581,-0.1440309681843325,-0.2710535504236217,0,6.899083852767944
ETTh1,192,DenseFineTune,7,3,0.7857142857142857,32,1676480,0.0,0.9996512522850542,0.4338823782170939,0.4294491102832726,0.5129592456986343,0.4682889780063201,0.9916322459666892,1,0.4292209298249823,0.4270170841359917,0.5030747959845974,0.464769026269595,1.074357619976724,1.9269463991383164,1,8.564761400222778
ETTh1,192,SharedSparse,7,3,0.7857142857142857,32,1676480,0.0,0.9996512522850542,0.4338823782170939,0.4294491102832726,0.5129592456986343,0.4682889780063201,0.9964702788224968,4,0.4463772039179209,0.4410180059246298,0.5301153741518471,0.4860195534607875,-2.879772566973251,-3.344540252870711,1,14.898008346557615
ETTh1,192,HorizonAdaptiveSparse,7,3,0.7857142857142857,32,1676480,0.0,0.9996512522850542,0.4338823782170939,0.4294491102832726,0.5129592456986343,0.4682889780063201,0.9896582073309016,4,0.4453941224225933,0.4405011989043145,0.5265015578831077,0.4831518605292074,-2.6531946867267013,-2.6400366691956663,1,14.956984281539915
ETTh1,336,DenseFineTune,7,3,0.7428571428571429,32,1750352,0.0,1.293113370438349,0.4768634684235003,0.4519744347310694,0.5349288852637047,0.4885721053027919,1.2914037228771358,1,0.4728499033108762,0.4498891547463472,0.5257644705781768,0.4836578949428561,0.8416591704734446,1.7132024345647705,1,8.278109073638916
ETTh1,336,SharedSparse,7,3,0.7428571428571429,32,1750352,0.0,1.293113370438349,0.4768634684235003,0.4519744347310694,0.5349288852637047,0.4885721053027919,1.2941716128448555,0,0.4794960321854368,0.4533509991783734,0.5394205282352094,0.4927373211068649,-0.5520581751920913,-0.8396710469823226,0,6.6005189418792725
ETTh1,336,HorizonAdaptiveSparse,7,3,0.7428571428571429,32,1750352,0.0,1.293113370438349,0.4768634684235003,0.4519744347310694,0.5349288852637047,0.4885721053027919,1.2941954304476273,0,0.4796801558448772,0.4535076984156568,0.5384476542037891,0.4927200674977223,-0.5906695748132734,-0.6578012586382864,0,6.579271554946899
ETTh1,720,DenseFineTune,7,3,0.9285714285714286,32,1947344,0.0,1.5785020693429883,0.4858814224175132,0.4787615111902099,0.6137510829130419,0.5716276324543184,1.578501038573641,0,0.4858822372776235,0.4787620262162304,0.6137535567796497,0.571631464299691,-0.0001677076078104,-0.0004030732778582,1,5.986805438995361
ETTh1,720,SharedSparse,7,3,0.9285714285714286,32,1947344,0.0,1.5785020693429883,0.4858814224175132,0.4787615111902099,0.6137510829130419,0.5716276324543184,1.5776511480862494,0,0.484824379928756,0.4780394163759567,0.6120755474337458,0.5706683723942463,0.2175515341784158,0.2729991890757288,1,6.185874700546265
ETTh1,720,HorizonAdaptiveSparse,7,3,0.9285714285714286,32,1947344,0.0,1.5785020693429883,0.4858814224175132,0.4787615111902099,0.6137510829130419,0.5716276324543184,1.5776390485613014,0,0.4848850407407101,0.4781196890631541,0.6120887539978895,0.5706640137489406,0.2050668395275396,0.270847410527162,1,6.21603274345398
ETTm1,96,DenseFineTune,7,3,0.5571428571428572,32,1627232,0.0,0.4049657553151782,0.3441988740161619,0.3742306300651484,0.3459821349833301,0.3742512911027131,0.4049657856674011,0,0.3441994248557441,0.374230397741062,0.3459812812316638,0.3742512658701423,-0.0001600352656003,0.000246761777571,0,24.567474842071533
ETTm1,96,SharedSparse,7,3,0.5571428571428572,32,1627232,0.0,0.4049657553151782,0.3441988740161619,0.3742306300651484,0.3459821349833301,0.3742512911027131,0.4033045225430618,1,0.3474899067003751,0.3749286944321869,0.3500163266423271,0.3786171076304467,-0.9561427804260446,-1.1660115512008622,1,33.52556037902832
ETTm1,96,HorizonAdaptiveSparse,7,3,0.5571428571428572,32,1627232,0.0,0.4049657553151782,0.3441988740161619,0.3742306300651484,0.3459821349833301,0.3742512911027131,0.4048735436780062,1,0.3472892959517614,0.3740457645689334,0.3472972076523859,0.377601157451056,-0.8978593972548514,-0.3800984317063496,1,33.41890239715576
ETTm1,192,DenseFineTune,7,3,0.6714285714285715,32,1676480,0.0,0.5193130083757025,0.3775201856234919,0.390988718195689,0.3911511708072246,0.3970475380831633,0.519312327079548,0,0.3775205477093888,0.3909887479552951,0.3911567952254605,0.3970501278423324,-9.591166531511571e-05,-0.001437914201898,1,24.69994807243347
ETTm1,192,SharedSparse,7,3,0.6714285714285715,32,1676480,0.0,0.5193130083757025,0.3775201856234919,0.390988718195689,0.3911511708072246,0.3970475380831633,0.5167311837232856,2,0.3836867244257982,0.3937291239361695,0.3903886809567988,0.4009786625040008,-1.6334328698535856,0.1949348250325459,1,41.23621153831482
ETTm1,192,HorizonAdaptiveSparse,7,3,0.6714285714285715,32,1676480,0.0,0.5193130083757025,0.3775201856234919,0.390988718195689,0.3911511708072246,0.3970475380831633,0.5171939837976129,2,0.3844302051371773,0.3945877951756813,0.3890554985479889,0.4011831420421834,-1.8303708720298504,0.5357704170770627,1,41.07839250564575
ETTm1,336,DenseFineTune,7,3,0.7857142857142857,32,1750352,0.0,0.6655166771539653,0.427900757111751,0.4203711867321945,0.5228119851559452,0.4657072779943343,0.6655159076231073,0,0.4279013144555186,0.4203714842247317,0.5228130547279706,0.4657069964292855,-0.0001302507084455,-0.0002045806247293,1,24.48820662498474
ETTm1,336,SharedSparse,7,3,0.7857142857142857,32,1750352,0.0,0.6655166771539653,0.427900757111751,0.4203711867321945,0.5228119851559452,0.4657072779943343,0.66878994258642,3,0.4703530030298415,0.4341329214058779,0.5922322334948761,0.4920948781564597,-9.921049498634954,-13.278243481396876,0,48.77209901809693
ETTm1,336,HorizonAdaptiveSparse,7,3,0.7857142857142857,32,1750352,0.0,0.6655166771539653,0.427900757111751,0.4203711867321945,0.5228119851559452,0.4657072779943343,0.6673898275551804,1,0.4546710644096778,0.4305137647710724,0.5719212718710025,0.4857349008167602,-6.25619535675079,-9.393297802920284,0,33.25590634346008
ETTm1,720,DenseFineTune,7,3,0.8571428571428571,32,1947344,0.0,0.9734175931512464,0.5038740862307975,0.463795867795737,0.6241051624204301,0.5263959320135766,0.973417692750251,0,0.5038750145537969,0.4637958849457098,0.6241050271777142,0.5263959607725202,-0.0001842370990548,2.1669860154759263e-05,0,23.367231369018555
ETTm1,720,SharedSparse,7,3,0.8571428571428571,32,1947344,0.0,0.9734175931512464,0.5038740862307975,0.463795867795737,0.6241051624204301,0.5263959320135766,0.9731188930812894,3,0.5163399578568769,0.4644335233705304,0.633886460048167,0.5217471622176071,-2.4740053054384363,-1.567251517324837,1,46.0863311290741
ETTm1,720,HorizonAdaptiveSparse,7,3,0.8571428571428571,32,1947344,0.0,0.9734175931512464,0.5038740862307975,0.463795867795737,0.6241051624204301,0.5263959320135766,0.9705460855343736,3,0.5157782879629155,0.4651431834286223,0.6402778844081479,0.5250460111713476,-2.362535017660196,-2.591345651587961,1,45.86000657081604
